1,dummy,dummy
2,dummy,dummy
3,dummy,dummy
4,dummy,dummy
5,dummy,dummy
6,dummy,dummy
7,dummy,dummy
8,dummy,dummy
9,dummy,dummy
10,80ytf5e08c5441bcce26c780ec1009993,/tfyb/10/5e08c5441bcce26c780ec100
11,88ytf5e08c5441bcce26c780ec10110992,/tfyb/11/5e08c5441bcce26c780ec101
12,96ytf5e08c5441bcce26c780ec10211991,/tfyb/12/5e08c5441bcce26c780ec102
13,104ytf5e08c5441bcce26c780ec10312990,/tfyb/13/5e08c5441bcce26c780ec103
14,112ytf5e08c5441bcce26c780ec10413989,/tfyb/14/5e08c5441bcce26c780ec104
15,120ytf5e08c5441bcce26c780ec10514988,/tfyb/15/5e08c5441bcce26c780ec105
16,128ytf5e08c5441bcce26c780ec10615987,/tfyb/16/5e08c5441bcce26c780ec106
17,136ytf5e08c5441bcce26c780ec10716986,/tfyb/17/5e08c5441bcce26c780ec107
18,144ytf5e08c5441bcce26c780ec10817985,/tfyb/18/5e08c5441bcce26c780ec108
19,152ytf5e08c5441bcce26c780ec10918984,/tfyb/19/5e08c5441bcce26c780ec109
20,160ytf5e08c5441bcce26c780ec11019983,/tfyb/20/5e08c5441bcce26c780ec110
21,168ytf5e08c5441bcce26c780ec11120982,/tfyb/21/5e08c5441bcce26c780ec111
22,176ytf5e08c5441bcce26c780ec11221981,/tfyb/22/5e08c5441bcce26c780ec112
23,184ytf5e08c5441bcce26c780ec11322980,/tfyb/23/5e08c5441bcce26c780ec113
24,192ytf5e08c5441bcce26c780ec11423979,/tfyb/24/5e08c5441bcce26c780ec114
25,200ytf5e08c5441bcce26c780ec11524978,/tfyb/25/5e08c5441bcce26c780ec115
26,208ytf5e08c5441bcce26c780ec11625977,/tfyb/26/5e08c5441bcce26c780ec116
27,216ytf5e08c5441bcce26c780ec11726976,/tfyb/27/5e08c5441bcce26c780ec117
28,224ytf5e08c5441bcce26c780ec11827975,/tfyb/28/5e08c5441bcce26c780ec118
29,232ytf5e08c5441bcce26c780ec11928974,/tfyb/29/5e08c5441bcce26c780ec119
30,240ytf5e08c5441bcce26c780ec12029973,/tfyb/30/5e08c5441bcce26c780ec120
31,248ytf5e08c5441bcce26c780ec12130972,/tfyb/31/5e08c5441bcce26c780ec121
32,256ytf5e08c5441bcce26c780ec12231971,/tfyb/32/5e08c5441bcce26c780ec122
33,264ytf5e08c5441bcce26c780ec12332970,/tfyb/33/5e08c5441bcce26c780ec123
34,272ytf5e08c5441bcce26c780ec12433969,/tfyb/34/5e08c5441bcce26c780ec124
35,280ytf5e08c5441bcce26c780ec12534968,/tfyb/35/5e08c5441bcce26c780ec125
36,288ytf5e08c5441bcce26c780ec12635967,/tfyb/36/5e08c5441bcce26c780ec126
37,296ytf5e08c5441bcce26c780ec12736966,/tfyb/37/5e08c5441bcce26c780ec127
38,304ytf5e08c5441bcce26c780ec12837965,/tfyb/38/5e08c5441bcce26c780ec128
39,312ytf5e08c5441bcce26c780ec12938964,/tfyb/39/5e08c5441bcce26c780ec129
40,320ytf5e08c5441bcce26c780ec13039963,/tfyb/40/5e08c5441bcce26c780ec130
41,328ytf5e08c5441bcce26c780ec13140962,/tfyb/41/5e08c5441bcce26c780ec131
42,336ytf5e08c5441bcce26c780ec13241961,/tfyb/42/5e08c5441bcce26c780ec132
43,344ytf5e08c5441bcce26c780ec13342960,/tfyb/43/5e08c5441bcce26c780ec133
44,352ytf5e08c5441bcce26c780ec13443959,/tfyb/44/5e08c5441bcce26c780ec134
45,360ytf5e08c5441bcce26c780ec13544958,/tfyb/45/5e08c5441bcce26c780ec135
46,368ytf5e08c5441bcce26c780ec13645957,/tfyb/46/5e08c5441bcce26c780ec136
47,376ytf5e08c5441bcce26c780ec13746956,/tfyb/47/5e08c5441bcce26c780ec137
48,384ytf5e08c5441bcce26c780ec13847955,/tfyb/48/5e08c5441bcce26c780ec138
49,392ytf5e08c5441bcce26c780ec13948954,/tfyb/49/5e08c5441bcce26c780ec139
50,400ytf5e08c5441bcce26c780ec14049953,/tfyb/50/5e08c5441bcce26c780ec140
51,408ytf5e08c5441bcce26c780ec14150952,/tfyb/51/5e08c5441bcce26c780ec141
52,416ytf5e08c5441bcce26c780ec14251951,/tfyb/52/5e08c5441bcce26c780ec142
53,424ytf5e08c5441bcce26c780ec14352950,/tfyb/53/5e08c5441bcce26c780ec143
54,432ytf5e08c5441bcce26c780ec14453949,/tfyb/54/5e08c5441bcce26c780ec144
55,440ytf5e08c5441bcce26c780ec14554948,/tfyb/55/5e08c5441bcce26c780ec145
56,448ytf5e08c5441bcce26c780ec14655947,/tfyb/56/5e08c5441bcce26c780ec146
57,456ytf5e08c5441bcce26c780ec14756946,/tfyb/57/5e08c5441bcce26c780ec147
58,464ytf5e08c5441bcce26c780ec14857945,/tfyb/58/5e08c5441bcce26c780ec148
59,472ytf5e08c5441bcce26c780ec14958944,/tfyb/59/5e08c5441bcce26c780ec149
60,480ytf5e08c5441bcce26c780ec15059943,/tfyb/60/5e08c5441bcce26c780ec150
61,488ytf5e08c5441bcce26c780ec15160942,/tfyb/61/5e08c5441bcce26c780ec151
62,496ytf5e08c5441bcce26c780ec15261941,/tfyb/62/5e08c5441bcce26c780ec152
63,504ytf5e08c5441bcce26c780ec15362940,/tfyb/63/5e08c5441bcce26c780ec153
64,512ytf5e08c5441bcce26c780ec15463939,/tfyb/64/5e08c5441bcce26c780ec154
65,520ytf5e08c5441bcce26c780ec15564938,/tfyb/65/5e08c5441bcce26c780ec155
66,528ytf5e08c5441bcce26c780ec15665937,/tfyb/66/5e08c5441bcce26c780ec156
67,536ytf5e08c5441bcce26c780ec15766936,/tfyb/67/5e08c5441bcce26c780ec157
68,544ytf5e08c5441bcce26c780ec15867935,/tfyb/68/5e08c5441bcce26c780ec158
69,552ytf5e08c5441bcce26c780ec15968934,/tfyb/69/5e08c5441bcce26c780ec159
70,560ytf5e08c5441bcce26c780ec16069933,/tfyb/70/5e08c5441bcce26c780ec160
71,568ytf5e08c5441bcce26c780ec16170932,/tfyb/71/5e08c5441bcce26c780ec161
72,576ytf5e08c5441bcce26c780ec16271931,/tfyb/72/5e08c5441bcce26c780ec162
73,584ytf5e08c5441bcce26c780ec16372930,/tfyb/73/5e08c5441bcce26c780ec163
74,592ytf5e08c5441bcce26c780ec16473929,/tfyb/74/5e08c5441bcce26c780ec164
75,600ytf5e08c5441bcce26c780ec16574928,/tfyb/75/5e08c5441bcce26c780ec165
76,608ytf5e08c5441bcce26c780ec16675927,/tfyb/76/5e08c5441bcce26c780ec166
77,616ytf5e08c5441bcce26c780ec16776926,/tfyb/77/5e08c5441bcce26c780ec167
78,624ytf5e08c5441bcce26c780ec16877925,/tfyb/78/5e08c5441bcce26c780ec168
79,632ytf5e08c5441bcce26c780ec16978924,/tfyb/79/5e08c5441bcce26c780ec169
80,640ytf5e08c5441bcce26c780ec17079923,/tfyb/80/5e08c5441bcce26c780ec170
81,648ytf5e08c5441bcce26c780ec17180922,/tfyb/81/5e08c5441bcce26c780ec171
82,656ytf5e08c5441bcce26c780ec17281921,/tfyb/82/5e08c5441bcce26c780ec172
83,664ytf5e08c5441bcce26c780ec17382920,/tfyb/83/5e08c5441bcce26c780ec173
84,672ytf5e08c5441bcce26c780ec17483919,/tfyb/84/5e08c5441bcce26c780ec174
85,680ytf5e08c5441bcce26c780ec17584918,/tfyb/85/5e08c5441bcce26c780ec175
86,688ytf5e08c5441bcce26c780ec17685917,/tfyb/86/5e08c5441bcce26c780ec176
87,696ytf5e08c5441bcce26c780ec17786916,/tfyb/87/5e08c5441bcce26c780ec177
88,704ytf5e08c5441bcce26c780ec17887915,/tfyb/88/5e08c5441bcce26c780ec178
89,712ytf5e08c5441bcce26c780ec17988914,/tfyb/89/5e08c5441bcce26c780ec179
90,720ytf5e08c5441bcce26c780ec18089913,/tfyb/90/5e08c5441bcce26c780ec180
91,728ytf5e08c5441bcce26c780ec18190912,/tfyb/91/5e08c5441bcce26c780ec181
92,736ytf5e08c5441bcce26c780ec18291911,/tfyb/92/5e08c5441bcce26c780ec182
93,744ytf5e08c5441bcce26c780ec18392910,/tfyb/93/5e08c5441bcce26c780ec183
94,752ytf5e08c5441bcce26c780ec18493909,/tfyb/94/5e08c5441bcce26c780ec184
95,760ytf5e08c5441bcce26c780ec18594908,/tfyb/95/5e08c5441bcce26c780ec185
96,768ytf5e08c5441bcce26c780ec18695907,/tfyb/96/5e08c5441bcce26c780ec186
97,776ytf5e08c5441bcce26c780ec18796906,/tfyb/97/5e08c5441bcce26c780ec187
98,784ytf5e08c5441bcce26c780ec18897905,/tfyb/98/5e08c5441bcce26c780ec188
99,792ytf5e08c5441bcce26c780ec18998904,/tfyb/99/5e08c5441bcce26c780ec189
100,800ytf5e08c5441bcce26c780ec19099903,/tfyb/100/5e08c5441bcce26c780ec190
101,808ytf5e08c5441bcce26c780ec191100902,/tfyb/101/5e08c5441bcce26c780ec191
102,816ytf5e08c5441bcce26c780ec192101901,/tfyb/102/5e08c5441bcce26c780ec192
103,824ytf5e08c5441bcce26c780ec193102900,/tfyb/103/5e08c5441bcce26c780ec193
104,832ytf5e08c5441bcce26c780ec194103899,/tfyb/104/5e08c5441bcce26c780ec194
105,840ytf5e08c5441bcce26c780ec195104898,/tfyb/105/5e08c5441bcce26c780ec195
106,848ytf5e08c5441bcce26c780ec196105897,/tfyb/106/5e08c5441bcce26c780ec196
107,856ytf5e08c5441bcce26c780ec197106896,/tfyb/107/5e08c5441bcce26c780ec197
108,864ytf5e08c5441bcce26c780ec198107895,/tfyb/108/5e08c5441bcce26c780ec198
109,872ytf5e08c5441bcce26c780ec199108894,/tfyb/109/5e08c5441bcce26c780ec199
110,880ytf5e08c5441bcce26c780ec200109893,/tfyb/110/5e08c5441bcce26c780ec200
111,888ytf5e08c5441bcce26c780ec201110892,/tfyb/111/5e08c5441bcce26c780ec201
112,896ytf5e08c5441bcce26c780ec202111891,/tfyb/112/5e08c5441bcce26c780ec202
113,904ytf5e08c5441bcce26c780ec203112890,/tfyb/113/5e08c5441bcce26c780ec203
114,912ytf5e08c5441bcce26c780ec204113889,/tfyb/114/5e08c5441bcce26c780ec204
115,920ytf5e08c5441bcce26c780ec205114888,/tfyb/115/5e08c5441bcce26c780ec205
116,928ytf5e08c5441bcce26c780ec206115887,/tfyb/116/5e08c5441bcce26c780ec206
117,936ytf5e08c5441bcce26c780ec207116886,/tfyb/117/5e08c5441bcce26c780ec207
118,944ytf5e08c5441bcce26c780ec208117885,/tfyb/118/5e08c5441bcce26c780ec208
119,952ytf5e08c5441bcce26c780ec209118884,/tfyb/119/5e08c5441bcce26c780ec209
120,960ytf5e08c5441bcce26c780ec210119883,/tfyb/120/5e08c5441bcce26c780ec210
121,968ytf5e08c5441bcce26c780ec211120882,/tfyb/121/5e08c5441bcce26c780ec211
122,976ytf5e08c5441bcce26c780ec212121881,/tfyb/122/5e08c5441bcce26c780ec212
123,984ytf5e08c5441bcce26c780ec213122880,/tfyb/123/5e08c5441bcce26c780ec213
124,992ytf5e08c5441bcce26c780ec214123879,/tfyb/124/5e08c5441bcce26c780ec214
125,1000ytf5e08c5441bcce26c780ec215124878,/tfyb/125/5e08c5441bcce26c780ec215
126,1008ytf5e08c5441bcce26c780ec216125877,/tfyb/126/5e08c5441bcce26c780ec216
127,1016ytf5e08c5441bcce26c780ec217126876,/tfyb/127/5e08c5441bcce26c780ec217
128,1024ytf5e08c5441bcce26c780ec218127875,/tfyb/128/5e08c5441bcce26c780ec218
129,1032ytf5e08c5441bcce26c780ec219128874,/tfyb/129/5e08c5441bcce26c780ec219
130,1040ytf5e08c5441bcce26c780ec220129873,/tfyb/130/5e08c5441bcce26c780ec220
131,1048ytf5e08c5441bcce26c780ec221130872,/tfyb/131/5e08c5441bcce26c780ec221
132,1056ytf5e08c5441bcce26c780ec222131871,/tfyb/132/5e08c5441bcce26c780ec222
133,1064ytf5e08c5441bcce26c780ec223132870,/tfyb/133/5e08c5441bcce26c780ec223
134,1072ytf5e08c5441bcce26c780ec224133869,/tfyb/134/5e08c5441bcce26c780ec224
135,1080ytf5e08c5441bcce26c780ec225134868,/tfyb/135/5e08c5441bcce26c780ec225
136,1088ytf5e08c5441bcce26c780ec226135867,/tfyb/136/5e08c5441bcce26c780ec226
137,1096ytf5e08c5441bcce26c780ec227136866,/tfyb/137/5e08c5441bcce26c780ec227
138,1104ytf5e08c5441bcce26c780ec228137865,/tfyb/138/5e08c5441bcce26c780ec228
139,1112ytf5e08c5441bcce26c780ec229138864,/tfyb/139/5e08c5441bcce26c780ec229
140,1120ytf5e08c5441bcce26c780ec230139863,/tfyb/140/5e08c5441bcce26c780ec230
141,1128ytf5e08c5441bcce26c780ec231140862,/tfyb/141/5e08c5441bcce26c780ec231
142,1136ytf5e08c5441bcce26c780ec232141861,/tfyb/142/5e08c5441bcce26c780ec232
143,1144ytf5e08c5441bcce26c780ec233142860,/tfyb/143/5e08c5441bcce26c780ec233
144,1152ytf5e08c5441bcce26c780ec234143859,/tfyb/144/5e08c5441bcce26c780ec234
145,1160ytf5e08c5441bcce26c780ec235144858,/tfyb/145/5e08c5441bcce26c780ec235
146,1168ytf5e08c5441bcce26c780ec236145857,/tfyb/146/5e08c5441bcce26c780ec236
147,1176ytf5e08c5441bcce26c780ec237146856,/tfyb/147/5e08c5441bcce26c780ec237
148,1184ytf5e08c5441bcce26c780ec238147855,/tfyb/148/5e08c5441bcce26c780ec238
149,1192ytf5e08c5441bcce26c780ec239148854,/tfyb/149/5e08c5441bcce26c780ec239
150,1200ytf5e08c5441bcce26c780ec240149853,/tfyb/150/5e08c5441bcce26c780ec240
151,1208ytf5e08c5441bcce26c780ec241150852,/tfyb/151/5e08c5441bcce26c780ec241
152,1216ytf5e08c5441bcce26c780ec242151851,/tfyb/152/5e08c5441bcce26c780ec242
153,1224ytf5e08c5441bcce26c780ec243152850,/tfyb/153/5e08c5441bcce26c780ec243
154,1232ytf5e08c5441bcce26c780ec244153849,/tfyb/154/5e08c5441bcce26c780ec244
155,1240ytf5e08c5441bcce26c780ec245154848,/tfyb/155/5e08c5441bcce26c780ec245
156,1248ytf5e08c5441bcce26c780ec246155847,/tfyb/156/5e08c5441bcce26c780ec246
157,1256ytf5e08c5441bcce26c780ec247156846,/tfyb/157/5e08c5441bcce26c780ec247
158,1264ytf5e08c5441bcce26c780ec248157845,/tfyb/158/5e08c5441bcce26c780ec248
159,1272ytf5e08c5441bcce26c780ec249158844,/tfyb/159/5e08c5441bcce26c780ec249
160,1280ytf5e08c5441bcce26c780ec250159843,/tfyb/160/5e08c5441bcce26c780ec250
161,1288ytf5e08c5441bcce26c780ec251160842,/tfyb/161/5e08c5441bcce26c780ec251
162,1296ytf5e08c5441bcce26c780ec252161841,/tfyb/162/5e08c5441bcce26c780ec252
163,1304ytf5e08c5441bcce26c780ec253162840,/tfyb/163/5e08c5441bcce26c780ec253
164,1312ytf5e08c5441bcce26c780ec254163839,/tfyb/164/5e08c5441bcce26c780ec254
165,1320ytf5e08c5441bcce26c780ec255164838,/tfyb/165/5e08c5441bcce26c780ec255
166,1328ytf5e08c5441bcce26c780ec256165837,/tfyb/166/5e08c5441bcce26c780ec256
167,1336ytf5e08c5441bcce26c780ec257166836,/tfyb/167/5e08c5441bcce26c780ec257
168,1344ytf5e08c5441bcce26c780ec258167835,/tfyb/168/5e08c5441bcce26c780ec258
169,1352ytf5e08c5441bcce26c780ec259168834,/tfyb/169/5e08c5441bcce26c780ec259
170,1360ytf5e08c5441bcce26c780ec260169833,/tfyb/170/5e08c5441bcce26c780ec260
171,1368ytf5e08c5441bcce26c780ec261170832,/tfyb/171/5e08c5441bcce26c780ec261
172,1376ytf5e08c5441bcce26c780ec262171831,/tfyb/172/5e08c5441bcce26c780ec262
173,1384ytf5e08c5441bcce26c780ec263172830,/tfyb/173/5e08c5441bcce26c780ec263
174,1392ytf5e08c5441bcce26c780ec264173829,/tfyb/174/5e08c5441bcce26c780ec264
175,1400ytf5e08c5441bcce26c780ec265174828,/tfyb/175/5e08c5441bcce26c780ec265
176,1408ytf5e08c5441bcce26c780ec266175827,/tfyb/176/5e08c5441bcce26c780ec266
177,1416ytf5e08c5441bcce26c780ec267176826,/tfyb/177/5e08c5441bcce26c780ec267
178,1424ytf5e08c5441bcce26c780ec268177825,/tfyb/178/5e08c5441bcce26c780ec268
179,1432ytf5e08c5441bcce26c780ec269178824,/tfyb/179/5e08c5441bcce26c780ec269
180,1440ytf5e08c5441bcce26c780ec270179823,/tfyb/180/5e08c5441bcce26c780ec270
181,1448ytf5e08c5441bcce26c780ec271180822,/tfyb/181/5e08c5441bcce26c780ec271
182,1456ytf5e08c5441bcce26c780ec272181821,/tfyb/182/5e08c5441bcce26c780ec272
183,1464ytf5e08c5441bcce26c780ec273182820,/tfyb/183/5e08c5441bcce26c780ec273
184,1472ytf5e08c5441bcce26c780ec274183819,/tfyb/184/5e08c5441bcce26c780ec274
185,1480ytf5e08c5441bcce26c780ec275184818,/tfyb/185/5e08c5441bcce26c780ec275
186,1488ytf5e08c5441bcce26c780ec276185817,/tfyb/186/5e08c5441bcce26c780ec276
187,1496ytf5e08c5441bcce26c780ec277186816,/tfyb/187/5e08c5441bcce26c780ec277
188,1504ytf5e08c5441bcce26c780ec278187815,/tfyb/188/5e08c5441bcce26c780ec278
189,1512ytf5e08c5441bcce26c780ec279188814,/tfyb/189/5e08c5441bcce26c780ec279
190,1520ytf5e08c5441bcce26c780ec280189813,/tfyb/190/5e08c5441bcce26c780ec280
191,1528ytf5e08c5441bcce26c780ec281190812,/tfyb/191/5e08c5441bcce26c780ec281
192,1536ytf5e08c5441bcce26c780ec282191811,/tfyb/192/5e08c5441bcce26c780ec282
193,1544ytf5e08c5441bcce26c780ec283192810,/tfyb/193/5e08c5441bcce26c780ec283
194,1552ytf5e08c5441bcce26c780ec284193809,/tfyb/194/5e08c5441bcce26c780ec284
195,1560ytf5e08c5441bcce26c780ec285194808,/tfyb/195/5e08c5441bcce26c780ec285
196,1568ytf5e08c5441bcce26c780ec286195807,/tfyb/196/5e08c5441bcce26c780ec286
197,1576ytf5e08c5441bcce26c780ec287196806,/tfyb/197/5e08c5441bcce26c780ec287
198,1584ytf5e08c5441bcce26c780ec288197805,/tfyb/198/5e08c5441bcce26c780ec288
199,1592ytf5e08c5441bcce26c780ec289198804,/tfyb/199/5e08c5441bcce26c780ec289
200,1600ytf5e08c5441bcce26c780ec290199803,/tfyb/200/5e08c5441bcce26c780ec290
201,1608ytf5e08c5441bcce26c780ec291200802,/tfyb/201/5e08c5441bcce26c780ec291
202,1616ytf5e08c5441bcce26c780ec292201801,/tfyb/202/5e08c5441bcce26c780ec292
203,1624ytf5e08c5441bcce26c780ec293202800,/tfyb/203/5e08c5441bcce26c780ec293
204,1632ytf5e08c5441bcce26c780ec294203799,/tfyb/204/5e08c5441bcce26c780ec294
205,1640ytf5e08c5441bcce26c780ec295204798,/tfyb/205/5e08c5441bcce26c780ec295
206,1648ytf5e08c5441bcce26c780ec296205797,/tfyb/206/5e08c5441bcce26c780ec296
207,1656ytf5e08c5441bcce26c780ec297206796,/tfyb/207/5e08c5441bcce26c780ec297
208,1664ytf5e08c5441bcce26c780ec298207795,/tfyb/208/5e08c5441bcce26c780ec298
209,1672ytf5e08c5441bcce26c780ec299208794,/tfyb/209/5e08c5441bcce26c780ec299
210,1680ytf5e08c5441bcce26c780ec300209793,/tfyb/210/5e08c5441bcce26c780ec300
211,1688ytf5e08c5441bcce26c780ec301210792,/tfyb/211/5e08c5441bcce26c780ec301
212,1696ytf5e08c5441bcce26c780ec302211791,/tfyb/212/5e08c5441bcce26c780ec302
213,1704ytf5e08c5441bcce26c780ec303212790,/tfyb/213/5e08c5441bcce26c780ec303
214,1712ytf5e08c5441bcce26c780ec304213789,/tfyb/214/5e08c5441bcce26c780ec304
215,1720ytf5e08c5441bcce26c780ec305214788,/tfyb/215/5e08c5441bcce26c780ec305
216,1728ytf5e08c5441bcce26c780ec306215787,/tfyb/216/5e08c5441bcce26c780ec306
217,1736ytf5e08c5441bcce26c780ec307216786,/tfyb/217/5e08c5441bcce26c780ec307
218,1744ytf5e08c5441bcce26c780ec308217785,/tfyb/218/5e08c5441bcce26c780ec308
219,1752ytf5e08c5441bcce26c780ec309218784,/tfyb/219/5e08c5441bcce26c780ec309
220,1760ytf5e08c5441bcce26c780ec310219783,/tfyb/220/5e08c5441bcce26c780ec310
221,1768ytf5e08c5441bcce26c780ec311220782,/tfyb/221/5e08c5441bcce26c780ec311
222,1776ytf5e08c5441bcce26c780ec312221781,/tfyb/222/5e08c5441bcce26c780ec312
223,1784ytf5e08c5441bcce26c780ec313222780,/tfyb/223/5e08c5441bcce26c780ec313
224,1792ytf5e08c5441bcce26c780ec314223779,/tfyb/224/5e08c5441bcce26c780ec314
225,1800ytf5e08c5441bcce26c780ec315224778,/tfyb/225/5e08c5441bcce26c780ec315
226,1808ytf5e08c5441bcce26c780ec316225777,/tfyb/226/5e08c5441bcce26c780ec316
227,1816ytf5e08c5441bcce26c780ec317226776,/tfyb/227/5e08c5441bcce26c780ec317
228,1824ytf5e08c5441bcce26c780ec318227775,/tfyb/228/5e08c5441bcce26c780ec318
229,1832ytf5e08c5441bcce26c780ec319228774,/tfyb/229/5e08c5441bcce26c780ec319
230,1840ytf5e08c5441bcce26c780ec320229773,/tfyb/230/5e08c5441bcce26c780ec320
231,1848ytf5e08c5441bcce26c780ec321230772,/tfyb/231/5e08c5441bcce26c780ec321
232,1856ytf5e08c5441bcce26c780ec322231771,/tfyb/232/5e08c5441bcce26c780ec322
233,1864ytf5e08c5441bcce26c780ec323232770,/tfyb/233/5e08c5441bcce26c780ec323
234,1872ytf5e08c5441bcce26c780ec324233769,/tfyb/234/5e08c5441bcce26c780ec324
235,1880ytf5e08c5441bcce26c780ec325234768,/tfyb/235/5e08c5441bcce26c780ec325
236,1888ytf5e08c5441bcce26c780ec326235767,/tfyb/236/5e08c5441bcce26c780ec326
237,1896ytf5e08c5441bcce26c780ec327236766,/tfyb/237/5e08c5441bcce26c780ec327
238,1904ytf5e08c5441bcce26c780ec328237765,/tfyb/238/5e08c5441bcce26c780ec328
239,1912ytf5e08c5441bcce26c780ec329238764,/tfyb/239/5e08c5441bcce26c780ec329
240,1920ytf5e08c5441bcce26c780ec330239763,/tfyb/240/5e08c5441bcce26c780ec330
241,1928ytf5e08c5441bcce26c780ec331240762,/tfyb/241/5e08c5441bcce26c780ec331
242,1936ytf5e08c5441bcce26c780ec332241761,/tfyb/242/5e08c5441bcce26c780ec332
243,1944ytf5e08c5441bcce26c780ec333242760,/tfyb/243/5e08c5441bcce26c780ec333
244,1952ytf5e08c5441bcce26c780ec334243759,/tfyb/244/5e08c5441bcce26c780ec334
245,1960ytf5e08c5441bcce26c780ec335244758,/tfyb/245/5e08c5441bcce26c780ec335
246,1968ytf5e08c5441bcce26c780ec336245757,/tfyb/246/5e08c5441bcce26c780ec336
247,1976ytf5e08c5441bcce26c780ec337246756,/tfyb/247/5e08c5441bcce26c780ec337
248,1984ytf5e08c5441bcce26c780ec338247755,/tfyb/248/5e08c5441bcce26c780ec338
249,1992ytf5e08c5441bcce26c780ec339248754,/tfyb/249/5e08c5441bcce26c780ec339
250,2000ytf5e08c5441bcce26c780ec340249753,/tfyb/250/5e08c5441bcce26c780ec340
251,2008ytf5e08c5441bcce26c780ec341250752,/tfyb/251/5e08c5441bcce26c780ec341
252,2016ytf5e08c5441bcce26c780ec342251751,/tfyb/252/5e08c5441bcce26c780ec342
253,2024ytf5e08c5441bcce26c780ec343252750,/tfyb/253/5e08c5441bcce26c780ec343
254,2032ytf5e08c5441bcce26c780ec344253749,/tfyb/254/5e08c5441bcce26c780ec344
255,2040ytf5e08c5441bcce26c780ec345254748,/tfyb/255/5e08c5441bcce26c780ec345
256,2048ytf5e08c5441bcce26c780ec346255747,/tfyb/256/5e08c5441bcce26c780ec346
257,2056ytf5e08c5441bcce26c780ec347256746,/tfyb/257/5e08c5441bcce26c780ec347
258,2064ytf5e08c5441bcce26c780ec348257745,/tfyb/258/5e08c5441bcce26c780ec348
259,2072ytf5e08c5441bcce26c780ec349258744,/tfyb/259/5e08c5441bcce26c780ec349
260,2080ytf5e08c5441bcce26c780ec350259743,/tfyb/260/5e08c5441bcce26c780ec350
261,2088ytf5e08c5441bcce26c780ec351260742,/tfyb/261/5e08c5441bcce26c780ec351
262,2096ytf5e08c5441bcce26c780ec352261741,/tfyb/262/5e08c5441bcce26c780ec352
263,2104ytf5e08c5441bcce26c780ec353262740,/tfyb/263/5e08c5441bcce26c780ec353
264,2112ytf5e08c5441bcce26c780ec354263739,/tfyb/264/5e08c5441bcce26c780ec354
265,2120ytf5e08c5441bcce26c780ec355264738,/tfyb/265/5e08c5441bcce26c780ec355
266,2128ytf5e08c5441bcce26c780ec356265737,/tfyb/266/5e08c5441bcce26c780ec356
267,2136ytf5e08c5441bcce26c780ec357266736,/tfyb/267/5e08c5441bcce26c780ec357
268,2144ytf5e08c5441bcce26c780ec358267735,/tfyb/268/5e08c5441bcce26c780ec358
269,2152ytf5e08c5441bcce26c780ec359268734,/tfyb/269/5e08c5441bcce26c780ec359
270,2160ytf5e08c5441bcce26c780ec360269733,/tfyb/270/5e08c5441bcce26c780ec360
271,2168ytf5e08c5441bcce26c780ec361270732,/tfyb/271/5e08c5441bcce26c780ec361
272,2176ytf5e08c5441bcce26c780ec362271731,/tfyb/272/5e08c5441bcce26c780ec362
273,2184ytf5e08c5441bcce26c780ec363272730,/tfyb/273/5e08c5441bcce26c780ec363
274,2192ytf5e08c5441bcce26c780ec364273729,/tfyb/274/5e08c5441bcce26c780ec364
275,2200ytf5e08c5441bcce26c780ec365274728,/tfyb/275/5e08c5441bcce26c780ec365
276,2208ytf5e08c5441bcce26c780ec366275727,/tfyb/276/5e08c5441bcce26c780ec366
277,2216ytf5e08c5441bcce26c780ec367276726,/tfyb/277/5e08c5441bcce26c780ec367
278,2224ytf5e08c5441bcce26c780ec368277725,/tfyb/278/5e08c5441bcce26c780ec368
279,2232ytf5e08c5441bcce26c780ec369278724,/tfyb/279/5e08c5441bcce26c780ec369
280,2240ytf5e08c5441bcce26c780ec370279723,/tfyb/280/5e08c5441bcce26c780ec370
281,2248ytf5e08c5441bcce26c780ec371280722,/tfyb/281/5e08c5441bcce26c780ec371
282,2256ytf5e08c5441bcce26c780ec372281721,/tfyb/282/5e08c5441bcce26c780ec372
283,2264ytf5e08c5441bcce26c780ec373282720,/tfyb/283/5e08c5441bcce26c780ec373
284,2272ytf5e08c5441bcce26c780ec374283719,/tfyb/284/5e08c5441bcce26c780ec374
285,2280ytf5e08c5441bcce26c780ec375284718,/tfyb/285/5e08c5441bcce26c780ec375
286,2288ytf5e08c5441bcce26c780ec376285717,/tfyb/286/5e08c5441bcce26c780ec376
287,2296ytf5e08c5441bcce26c780ec377286716,/tfyb/287/5e08c5441bcce26c780ec377
288,2304ytf5e08c5441bcce26c780ec378287715,/tfyb/288/5e08c5441bcce26c780ec378
289,2312ytf5e08c5441bcce26c780ec379288714,/tfyb/289/5e08c5441bcce26c780ec379
290,2320ytf5e08c5441bcce26c780ec380289713,/tfyb/290/5e08c5441bcce26c780ec380
291,2328ytf5e08c5441bcce26c780ec381290712,/tfyb/291/5e08c5441bcce26c780ec381
292,2336ytf5e08c5441bcce26c780ec382291711,/tfyb/292/5e08c5441bcce26c780ec382
293,2344ytf5e08c5441bcce26c780ec383292710,/tfyb/293/5e08c5441bcce26c780ec383
294,2352ytf5e08c5441bcce26c780ec384293709,/tfyb/294/5e08c5441bcce26c780ec384
295,2360ytf5e08c5441bcce26c780ec385294708,/tfyb/295/5e08c5441bcce26c780ec385
296,2368ytf5e08c5441bcce26c780ec386295707,/tfyb/296/5e08c5441bcce26c780ec386
297,2376ytf5e08c5441bcce26c780ec387296706,/tfyb/297/5e08c5441bcce26c780ec387
298,2384ytf5e08c5441bcce26c780ec388297705,/tfyb/298/5e08c5441bcce26c780ec388
299,2392ytf5e08c5441bcce26c780ec389298704,/tfyb/299/5e08c5441bcce26c780ec389
300,2400ytf5e08c5441bcce26c780ec390299703,/tfyb/300/5e08c5441bcce26c780ec390
301,2408ytf5e08c5441bcce26c780ec391300702,/tfyb/301/5e08c5441bcce26c780ec391
302,2416ytf5e08c5441bcce26c780ec392301701,/tfyb/302/5e08c5441bcce26c780ec392
303,2424ytf5e08c5441bcce26c780ec393302700,/tfyb/303/5e08c5441bcce26c780ec393
304,2432ytf5e08c5441bcce26c780ec394303699,/tfyb/304/5e08c5441bcce26c780ec394
305,2440ytf5e08c5441bcce26c780ec395304698,/tfyb/305/5e08c5441bcce26c780ec395
306,2448ytf5e08c5441bcce26c780ec396305697,/tfyb/306/5e08c5441bcce26c780ec396
307,2456ytf5e08c5441bcce26c780ec397306696,/tfyb/307/5e08c5441bcce26c780ec397
308,2464ytf5e08c5441bcce26c780ec398307695,/tfyb/308/5e08c5441bcce26c780ec398
309,2472ytf5e08c5441bcce26c780ec399308694,/tfyb/309/5e08c5441bcce26c780ec399
310,2480ytf5e08c5441bcce26c780ec400309693,/tfyb/310/5e08c5441bcce26c780ec400
311,2488ytf5e08c5441bcce26c780ec401310692,/tfyb/311/5e08c5441bcce26c780ec401
312,2496ytf5e08c5441bcce26c780ec402311691,/tfyb/312/5e08c5441bcce26c780ec402
313,2504ytf5e08c5441bcce26c780ec403312690,/tfyb/313/5e08c5441bcce26c780ec403
314,2512ytf5e08c5441bcce26c780ec404313689,/tfyb/314/5e08c5441bcce26c780ec404
315,2520ytf5e08c5441bcce26c780ec405314688,/tfyb/315/5e08c5441bcce26c780ec405
316,2528ytf5e08c5441bcce26c780ec406315687,/tfyb/316/5e08c5441bcce26c780ec406
317,2536ytf5e08c5441bcce26c780ec407316686,/tfyb/317/5e08c5441bcce26c780ec407
318,2544ytf5e08c5441bcce26c780ec408317685,/tfyb/318/5e08c5441bcce26c780ec408
319,2552ytf5e08c5441bcce26c780ec409318684,/tfyb/319/5e08c5441bcce26c780ec409
320,2560ytf5e08c5441bcce26c780ec410319683,/tfyb/320/5e08c5441bcce26c780ec410
321,2568ytf5e08c5441bcce26c780ec411320682,/tfyb/321/5e08c5441bcce26c780ec411
322,2576ytf5e08c5441bcce26c780ec412321681,/tfyb/322/5e08c5441bcce26c780ec412
323,2584ytf5e08c5441bcce26c780ec413322680,/tfyb/323/5e08c5441bcce26c780ec413
324,2592ytf5e08c5441bcce26c780ec414323679,/tfyb/324/5e08c5441bcce26c780ec414
325,2600ytf5e08c5441bcce26c780ec415324678,/tfyb/325/5e08c5441bcce26c780ec415
326,2608ytf5e08c5441bcce26c780ec416325677,/tfyb/326/5e08c5441bcce26c780ec416
327,2616ytf5e08c5441bcce26c780ec417326676,/tfyb/327/5e08c5441bcce26c780ec417
328,2624ytf5e08c5441bcce26c780ec418327675,/tfyb/328/5e08c5441bcce26c780ec418
329,2632ytf5e08c5441bcce26c780ec419328674,/tfyb/329/5e08c5441bcce26c780ec419
330,2640ytf5e08c5441bcce26c780ec420329673,/tfyb/330/5e08c5441bcce26c780ec420
331,2648ytf5e08c5441bcce26c780ec421330672,/tfyb/331/5e08c5441bcce26c780ec421
332,2656ytf5e08c5441bcce26c780ec422331671,/tfyb/332/5e08c5441bcce26c780ec422
333,2664ytf5e08c5441bcce26c780ec423332670,/tfyb/333/5e08c5441bcce26c780ec423
334,2672ytf5e08c5441bcce26c780ec424333669,/tfyb/334/5e08c5441bcce26c780ec424
335,2680ytf5e08c5441bcce26c780ec425334668,/tfyb/335/5e08c5441bcce26c780ec425
336,2688ytf5e08c5441bcce26c780ec426335667,/tfyb/336/5e08c5441bcce26c780ec426
337,2696ytf5e08c5441bcce26c780ec427336666,/tfyb/337/5e08c5441bcce26c780ec427
338,2704ytf5e08c5441bcce26c780ec428337665,/tfyb/338/5e08c5441bcce26c780ec428
339,2712ytf5e08c5441bcce26c780ec429338664,/tfyb/339/5e08c5441bcce26c780ec429
340,2720ytf5e08c5441bcce26c780ec430339663,/tfyb/340/5e08c5441bcce26c780ec430
341,2728ytf5e08c5441bcce26c780ec431340662,/tfyb/341/5e08c5441bcce26c780ec431
342,2736ytf5e08c5441bcce26c780ec432341661,/tfyb/342/5e08c5441bcce26c780ec432
343,2744ytf5e08c5441bcce26c780ec433342660,/tfyb/343/5e08c5441bcce26c780ec433
344,2752ytf5e08c5441bcce26c780ec434343659,/tfyb/344/5e08c5441bcce26c780ec434
345,2760ytf5e08c5441bcce26c780ec435344658,/tfyb/345/5e08c5441bcce26c780ec435
346,2768ytf5e08c5441bcce26c780ec436345657,/tfyb/346/5e08c5441bcce26c780ec436
347,2776ytf5e08c5441bcce26c780ec437346656,/tfyb/347/5e08c5441bcce26c780ec437
348,2784ytf5e08c5441bcce26c780ec438347655,/tfyb/348/5e08c5441bcce26c780ec438
349,2792ytf5e08c5441bcce26c780ec439348654,/tfyb/349/5e08c5441bcce26c780ec439
350,2800ytf5e08c5441bcce26c780ec440349653,/tfyb/350/5e08c5441bcce26c780ec440
351,2808ytf5e08c5441bcce26c780ec441350652,/tfyb/351/5e08c5441bcce26c780ec441
352,2816ytf5e08c5441bcce26c780ec442351651,/tfyb/352/5e08c5441bcce26c780ec442
353,2824ytf5e08c5441bcce26c780ec443352650,/tfyb/353/5e08c5441bcce26c780ec443
354,2832ytf5e08c5441bcce26c780ec444353649,/tfyb/354/5e08c5441bcce26c780ec444
355,2840ytf5e08c5441bcce26c780ec445354648,/tfyb/355/5e08c5441bcce26c780ec445
356,2848ytf5e08c5441bcce26c780ec446355647,/tfyb/356/5e08c5441bcce26c780ec446
357,2856ytf5e08c5441bcce26c780ec447356646,/tfyb/357/5e08c5441bcce26c780ec447
358,2864ytf5e08c5441bcce26c780ec448357645,/tfyb/358/5e08c5441bcce26c780ec448
359,2872ytf5e08c5441bcce26c780ec449358644,/tfyb/359/5e08c5441bcce26c780ec449
360,2880ytf5e08c5441bcce26c780ec450359643,/tfyb/360/5e08c5441bcce26c780ec450
361,2888ytf5e08c5441bcce26c780ec451360642,/tfyb/361/5e08c5441bcce26c780ec451
362,2896ytf5e08c5441bcce26c780ec452361641,/tfyb/362/5e08c5441bcce26c780ec452
363,2904ytf5e08c5441bcce26c780ec453362640,/tfyb/363/5e08c5441bcce26c780ec453
364,2912ytf5e08c5441bcce26c780ec454363639,/tfyb/364/5e08c5441bcce26c780ec454
365,2920ytf5e08c5441bcce26c780ec455364638,/tfyb/365/5e08c5441bcce26c780ec455
366,2928ytf5e08c5441bcce26c780ec456365637,/tfyb/366/5e08c5441bcce26c780ec456
367,2936ytf5e08c5441bcce26c780ec457366636,/tfyb/367/5e08c5441bcce26c780ec457
368,2944ytf5e08c5441bcce26c780ec458367635,/tfyb/368/5e08c5441bcce26c780ec458
369,2952ytf5e08c5441bcce26c780ec459368634,/tfyb/369/5e08c5441bcce26c780ec459
370,2960ytf5e08c5441bcce26c780ec460369633,/tfyb/370/5e08c5441bcce26c780ec460
371,2968ytf5e08c5441bcce26c780ec461370632,/tfyb/371/5e08c5441bcce26c780ec461
372,2976ytf5e08c5441bcce26c780ec462371631,/tfyb/372/5e08c5441bcce26c780ec462
373,2984ytf5e08c5441bcce26c780ec463372630,/tfyb/373/5e08c5441bcce26c780ec463
374,2992ytf5e08c5441bcce26c780ec464373629,/tfyb/374/5e08c5441bcce26c780ec464
375,3000ytf5e08c5441bcce26c780ec465374628,/tfyb/375/5e08c5441bcce26c780ec465
376,3008ytf5e08c5441bcce26c780ec466375627,/tfyb/376/5e08c5441bcce26c780ec466
377,3016ytf5e08c5441bcce26c780ec467376626,/tfyb/377/5e08c5441bcce26c780ec467
378,3024ytf5e08c5441bcce26c780ec468377625,/tfyb/378/5e08c5441bcce26c780ec468
379,3032ytf5e08c5441bcce26c780ec469378624,/tfyb/379/5e08c5441bcce26c780ec469
380,3040ytf5e08c5441bcce26c780ec470379623,/tfyb/380/5e08c5441bcce26c780ec470
381,3048ytf5e08c5441bcce26c780ec471380622,/tfyb/381/5e08c5441bcce26c780ec471
382,3056ytf5e08c5441bcce26c780ec472381621,/tfyb/382/5e08c5441bcce26c780ec472
383,3064ytf5e08c5441bcce26c780ec473382620,/tfyb/383/5e08c5441bcce26c780ec473
384,3072ytf5e08c5441bcce26c780ec474383619,/tfyb/384/5e08c5441bcce26c780ec474
385,3080ytf5e08c5441bcce26c780ec475384618,/tfyb/385/5e08c5441bcce26c780ec475
386,3088ytf5e08c5441bcce26c780ec476385617,/tfyb/386/5e08c5441bcce26c780ec476
387,3096ytf5e08c5441bcce26c780ec477386616,/tfyb/387/5e08c5441bcce26c780ec477
388,3104ytf5e08c5441bcce26c780ec478387615,/tfyb/388/5e08c5441bcce26c780ec478
389,3112ytf5e08c5441bcce26c780ec479388614,/tfyb/389/5e08c5441bcce26c780ec479
390,3120ytf5e08c5441bcce26c780ec480389613,/tfyb/390/5e08c5441bcce26c780ec480
391,3128ytf5e08c5441bcce26c780ec481390612,/tfyb/391/5e08c5441bcce26c780ec481
392,3136ytf5e08c5441bcce26c780ec482391611,/tfyb/392/5e08c5441bcce26c780ec482
393,3144ytf5e08c5441bcce26c780ec483392610,/tfyb/393/5e08c5441bcce26c780ec483
394,3152ytf5e08c5441bcce26c780ec484393609,/tfyb/394/5e08c5441bcce26c780ec484
395,3160ytf5e08c5441bcce26c780ec485394608,/tfyb/395/5e08c5441bcce26c780ec485
396,3168ytf5e08c5441bcce26c780ec486395607,/tfyb/396/5e08c5441bcce26c780ec486
397,3176ytf5e08c5441bcce26c780ec487396606,/tfyb/397/5e08c5441bcce26c780ec487
398,3184ytf5e08c5441bcce26c780ec488397605,/tfyb/398/5e08c5441bcce26c780ec488
399,3192ytf5e08c5441bcce26c780ec489398604,/tfyb/399/5e08c5441bcce26c780ec489
400,3200ytf5e08c5441bcce26c780ec490399603,/tfyb/400/5e08c5441bcce26c780ec490
401,3208ytf5e08c5441bcce26c780ec491400602,/tfyb/401/5e08c5441bcce26c780ec491
402,3216ytf5e08c5441bcce26c780ec492401601,/tfyb/402/5e08c5441bcce26c780ec492
403,3224ytf5e08c5441bcce26c780ec493402600,/tfyb/403/5e08c5441bcce26c780ec493
404,3232ytf5e08c5441bcce26c780ec494403599,/tfyb/404/5e08c5441bcce26c780ec494
405,3240ytf5e08c5441bcce26c780ec495404598,/tfyb/405/5e08c5441bcce26c780ec495
406,3248ytf5e08c5441bcce26c780ec496405597,/tfyb/406/5e08c5441bcce26c780ec496
407,3256ytf5e08c5441bcce26c780ec497406596,/tfyb/407/5e08c5441bcce26c780ec497
408,3264ytf5e08c5441bcce26c780ec498407595,/tfyb/408/5e08c5441bcce26c780ec498
409,3272ytf5e08c5441bcce26c780ec499408594,/tfyb/409/5e08c5441bcce26c780ec499
410,3280ytf5e08c5441bcce26c780ec500409593,/tfyb/410/5e08c5441bcce26c780ec500
411,3288ytf5e08c5441bcce26c780ec501410592,/tfyb/411/5e08c5441bcce26c780ec501
412,3296ytf5e08c5441bcce26c780ec502411591,/tfyb/412/5e08c5441bcce26c780ec502
413,3304ytf5e08c5441bcce26c780ec503412590,/tfyb/413/5e08c5441bcce26c780ec503
414,3312ytf5e08c5441bcce26c780ec504413589,/tfyb/414/5e08c5441bcce26c780ec504
415,3320ytf5e08c5441bcce26c780ec505414588,/tfyb/415/5e08c5441bcce26c780ec505
416,3328ytf5e08c5441bcce26c780ec506415587,/tfyb/416/5e08c5441bcce26c780ec506
417,3336ytf5e08c5441bcce26c780ec507416586,/tfyb/417/5e08c5441bcce26c780ec507
418,3344ytf5e08c5441bcce26c780ec508417585,/tfyb/418/5e08c5441bcce26c780ec508
419,3352ytf5e08c5441bcce26c780ec509418584,/tfyb/419/5e08c5441bcce26c780ec509
420,3360ytf5e08c5441bcce26c780ec510419583,/tfyb/420/5e08c5441bcce26c780ec510
421,3368ytf5e08c5441bcce26c780ec511420582,/tfyb/421/5e08c5441bcce26c780ec511
422,3376ytf5e08c5441bcce26c780ec512421581,/tfyb/422/5e08c5441bcce26c780ec512
423,3384ytf5e08c5441bcce26c780ec513422580,/tfyb/423/5e08c5441bcce26c780ec513
424,3392ytf5e08c5441bcce26c780ec514423579,/tfyb/424/5e08c5441bcce26c780ec514
425,3400ytf5e08c5441bcce26c780ec515424578,/tfyb/425/5e08c5441bcce26c780ec515
426,3408ytf5e08c5441bcce26c780ec516425577,/tfyb/426/5e08c5441bcce26c780ec516
427,3416ytf5e08c5441bcce26c780ec517426576,/tfyb/427/5e08c5441bcce26c780ec517
428,3424ytf5e08c5441bcce26c780ec518427575,/tfyb/428/5e08c5441bcce26c780ec518
429,3432ytf5e08c5441bcce26c780ec519428574,/tfyb/429/5e08c5441bcce26c780ec519
430,3440ytf5e08c5441bcce26c780ec520429573,/tfyb/430/5e08c5441bcce26c780ec520
431,3448ytf5e08c5441bcce26c780ec521430572,/tfyb/431/5e08c5441bcce26c780ec521
432,3456ytf5e08c5441bcce26c780ec522431571,/tfyb/432/5e08c5441bcce26c780ec522
433,3464ytf5e08c5441bcce26c780ec523432570,/tfyb/433/5e08c5441bcce26c780ec523
434,3472ytf5e08c5441bcce26c780ec524433569,/tfyb/434/5e08c5441bcce26c780ec524
435,3480ytf5e08c5441bcce26c780ec525434568,/tfyb/435/5e08c5441bcce26c780ec525
436,3488ytf5e08c5441bcce26c780ec526435567,/tfyb/436/5e08c5441bcce26c780ec526
437,3496ytf5e08c5441bcce26c780ec527436566,/tfyb/437/5e08c5441bcce26c780ec527
438,3504ytf5e08c5441bcce26c780ec528437565,/tfyb/438/5e08c5441bcce26c780ec528
439,3512ytf5e08c5441bcce26c780ec529438564,/tfyb/439/5e08c5441bcce26c780ec529
440,3520ytf5e08c5441bcce26c780ec530439563,/tfyb/440/5e08c5441bcce26c780ec530
441,3528ytf5e08c5441bcce26c780ec531440562,/tfyb/441/5e08c5441bcce26c780ec531
442,3536ytf5e08c5441bcce26c780ec532441561,/tfyb/442/5e08c5441bcce26c780ec532
443,3544ytf5e08c5441bcce26c780ec533442560,/tfyb/443/5e08c5441bcce26c780ec533
444,3552ytf5e08c5441bcce26c780ec534443559,/tfyb/444/5e08c5441bcce26c780ec534
445,3560ytf5e08c5441bcce26c780ec535444558,/tfyb/445/5e08c5441bcce26c780ec535
446,3568ytf5e08c5441bcce26c780ec536445557,/tfyb/446/5e08c5441bcce26c780ec536
447,3576ytf5e08c5441bcce26c780ec537446556,/tfyb/447/5e08c5441bcce26c780ec537
448,3584ytf5e08c5441bcce26c780ec538447555,/tfyb/448/5e08c5441bcce26c780ec538
449,3592ytf5e08c5441bcce26c780ec539448554,/tfyb/449/5e08c5441bcce26c780ec539
450,3600ytf5e08c5441bcce26c780ec540449553,/tfyb/450/5e08c5441bcce26c780ec540
451,3608ytf5e08c5441bcce26c780ec541450552,/tfyb/451/5e08c5441bcce26c780ec541
452,3616ytf5e08c5441bcce26c780ec542451551,/tfyb/452/5e08c5441bcce26c780ec542
453,3624ytf5e08c5441bcce26c780ec543452550,/tfyb/453/5e08c5441bcce26c780ec543
454,3632ytf5e08c5441bcce26c780ec544453549,/tfyb/454/5e08c5441bcce26c780ec544
455,3640ytf5e08c5441bcce26c780ec545454548,/tfyb/455/5e08c5441bcce26c780ec545
456,3648ytf5e08c5441bcce26c780ec546455547,/tfyb/456/5e08c5441bcce26c780ec546
457,3656ytf5e08c5441bcce26c780ec547456546,/tfyb/457/5e08c5441bcce26c780ec547
458,3664ytf5e08c5441bcce26c780ec548457545,/tfyb/458/5e08c5441bcce26c780ec548
459,3672ytf5e08c5441bcce26c780ec549458544,/tfyb/459/5e08c5441bcce26c780ec549
460,3680ytf5e08c5441bcce26c780ec550459543,/tfyb/460/5e08c5441bcce26c780ec550
461,3688ytf5e08c5441bcce26c780ec551460542,/tfyb/461/5e08c5441bcce26c780ec551
462,3696ytf5e08c5441bcce26c780ec552461541,/tfyb/462/5e08c5441bcce26c780ec552
463,3704ytf5e08c5441bcce26c780ec553462540,/tfyb/463/5e08c5441bcce26c780ec553
464,3712ytf5e08c5441bcce26c780ec554463539,/tfyb/464/5e08c5441bcce26c780ec554
465,3720ytf5e08c5441bcce26c780ec555464538,/tfyb/465/5e08c5441bcce26c780ec555
466,3728ytf5e08c5441bcce26c780ec556465537,/tfyb/466/5e08c5441bcce26c780ec556
467,3736ytf5e08c5441bcce26c780ec557466536,/tfyb/467/5e08c5441bcce26c780ec557
468,3744ytf5e08c5441bcce26c780ec558467535,/tfyb/468/5e08c5441bcce26c780ec558
469,3752ytf5e08c5441bcce26c780ec559468534,/tfyb/469/5e08c5441bcce26c780ec559
470,3760ytf5e08c5441bcce26c780ec560469533,/tfyb/470/5e08c5441bcce26c780ec560
471,3768ytf5e08c5441bcce26c780ec561470532,/tfyb/471/5e08c5441bcce26c780ec561
472,3776ytf5e08c5441bcce26c780ec562471531,/tfyb/472/5e08c5441bcce26c780ec562
473,3784ytf5e08c5441bcce26c780ec563472530,/tfyb/473/5e08c5441bcce26c780ec563
474,3792ytf5e08c5441bcce26c780ec564473529,/tfyb/474/5e08c5441bcce26c780ec564
475,3800ytf5e08c5441bcce26c780ec565474528,/tfyb/475/5e08c5441bcce26c780ec565
476,3808ytf5e08c5441bcce26c780ec566475527,/tfyb/476/5e08c5441bcce26c780ec566
477,3816ytf5e08c5441bcce26c780ec567476526,/tfyb/477/5e08c5441bcce26c780ec567
478,3824ytf5e08c5441bcce26c780ec568477525,/tfyb/478/5e08c5441bcce26c780ec568
479,3832ytf5e08c5441bcce26c780ec569478524,/tfyb/479/5e08c5441bcce26c780ec569
480,3840ytf5e08c5441bcce26c780ec570479523,/tfyb/480/5e08c5441bcce26c780ec570
481,3848ytf5e08c5441bcce26c780ec571480522,/tfyb/481/5e08c5441bcce26c780ec571
482,3856ytf5e08c5441bcce26c780ec572481521,/tfyb/482/5e08c5441bcce26c780ec572
483,3864ytf5e08c5441bcce26c780ec573482520,/tfyb/483/5e08c5441bcce26c780ec573
484,3872ytf5e08c5441bcce26c780ec574483519,/tfyb/484/5e08c5441bcce26c780ec574
485,3880ytf5e08c5441bcce26c780ec575484518,/tfyb/485/5e08c5441bcce26c780ec575
486,3888ytf5e08c5441bcce26c780ec576485517,/tfyb/486/5e08c5441bcce26c780ec576
487,3896ytf5e08c5441bcce26c780ec577486516,/tfyb/487/5e08c5441bcce26c780ec577
488,3904ytf5e08c5441bcce26c780ec578487515,/tfyb/488/5e08c5441bcce26c780ec578
489,3912ytf5e08c5441bcce26c780ec579488514,/tfyb/489/5e08c5441bcce26c780ec579
490,3920ytf5e08c5441bcce26c780ec580489513,/tfyb/490/5e08c5441bcce26c780ec580
491,3928ytf5e08c5441bcce26c780ec581490512,/tfyb/491/5e08c5441bcce26c780ec581
492,3936ytf5e08c5441bcce26c780ec582491511,/tfyb/492/5e08c5441bcce26c780ec582
493,3944ytf5e08c5441bcce26c780ec583492510,/tfyb/493/5e08c5441bcce26c780ec583
494,3952ytf5e08c5441bcce26c780ec584493509,/tfyb/494/5e08c5441bcce26c780ec584
495,3960ytf5e08c5441bcce26c780ec585494508,/tfyb/495/5e08c5441bcce26c780ec585
496,3968ytf5e08c5441bcce26c780ec586495507,/tfyb/496/5e08c5441bcce26c780ec586
497,3976ytf5e08c5441bcce26c780ec587496506,/tfyb/497/5e08c5441bcce26c780ec587
498,3984ytf5e08c5441bcce26c780ec588497505,/tfyb/498/5e08c5441bcce26c780ec588
499,3992ytf5e08c5441bcce26c780ec589498504,/tfyb/499/5e08c5441bcce26c780ec589
500,4000ytf5e08c5441bcce26c780ec590499503,/tfyb/500/5e08c5441bcce26c780ec590
501,4008ytf5e08c5441bcce26c780ec591500502,/tfyb/501/5e08c5441bcce26c780ec591
502,4016ytf5e08c5441bcce26c780ec592501501,/tfyb/502/5e08c5441bcce26c780ec592
503,4024ytf5e08c5441bcce26c780ec593502500,/tfyb/503/5e08c5441bcce26c780ec593
504,4032ytf5e08c5441bcce26c780ec594503499,/tfyb/504/5e08c5441bcce26c780ec594
505,4040ytf5e08c5441bcce26c780ec595504498,/tfyb/505/5e08c5441bcce26c780ec595
506,4048ytf5e08c5441bcce26c780ec596505497,/tfyb/506/5e08c5441bcce26c780ec596
507,4056ytf5e08c5441bcce26c780ec597506496,/tfyb/507/5e08c5441bcce26c780ec597
508,4064ytf5e08c5441bcce26c780ec598507495,/tfyb/508/5e08c5441bcce26c780ec598
509,4072ytf5e08c5441bcce26c780ec599508494,/tfyb/509/5e08c5441bcce26c780ec599
510,4080ytf5e08c5441bcce26c780ec600509493,/tfyb/510/5e08c5441bcce26c780ec600
511,4088ytf5e08c5441bcce26c780ec601510492,/tfyb/511/5e08c5441bcce26c780ec601
512,4096ytf5e08c5441bcce26c780ec602511491,/tfyb/512/5e08c5441bcce26c780ec602
513,4104ytf5e08c5441bcce26c780ec603512490,/tfyb/513/5e08c5441bcce26c780ec603
514,4112ytf5e08c5441bcce26c780ec604513489,/tfyb/514/5e08c5441bcce26c780ec604
515,4120ytf5e08c5441bcce26c780ec605514488,/tfyb/515/5e08c5441bcce26c780ec605
516,4128ytf5e08c5441bcce26c780ec606515487,/tfyb/516/5e08c5441bcce26c780ec606
517,4136ytf5e08c5441bcce26c780ec607516486,/tfyb/517/5e08c5441bcce26c780ec607
518,4144ytf5e08c5441bcce26c780ec608517485,/tfyb/518/5e08c5441bcce26c780ec608
519,4152ytf5e08c5441bcce26c780ec609518484,/tfyb/519/5e08c5441bcce26c780ec609
520,4160ytf5e08c5441bcce26c780ec610519483,/tfyb/520/5e08c5441bcce26c780ec610
521,4168ytf5e08c5441bcce26c780ec611520482,/tfyb/521/5e08c5441bcce26c780ec611
522,4176ytf5e08c5441bcce26c780ec612521481,/tfyb/522/5e08c5441bcce26c780ec612
523,4184ytf5e08c5441bcce26c780ec613522480,/tfyb/523/5e08c5441bcce26c780ec613
524,4192ytf5e08c5441bcce26c780ec614523479,/tfyb/524/5e08c5441bcce26c780ec614
525,4200ytf5e08c5441bcce26c780ec615524478,/tfyb/525/5e08c5441bcce26c780ec615
526,4208ytf5e08c5441bcce26c780ec616525477,/tfyb/526/5e08c5441bcce26c780ec616
527,4216ytf5e08c5441bcce26c780ec617526476,/tfyb/527/5e08c5441bcce26c780ec617
528,4224ytf5e08c5441bcce26c780ec618527475,/tfyb/528/5e08c5441bcce26c780ec618
529,4232ytf5e08c5441bcce26c780ec619528474,/tfyb/529/5e08c5441bcce26c780ec619
530,4240ytf5e08c5441bcce26c780ec620529473,/tfyb/530/5e08c5441bcce26c780ec620
531,4248ytf5e08c5441bcce26c780ec621530472,/tfyb/531/5e08c5441bcce26c780ec621
532,4256ytf5e08c5441bcce26c780ec622531471,/tfyb/532/5e08c5441bcce26c780ec622
533,4264ytf5e08c5441bcce26c780ec623532470,/tfyb/533/5e08c5441bcce26c780ec623
534,4272ytf5e08c5441bcce26c780ec624533469,/tfyb/534/5e08c5441bcce26c780ec624
535,4280ytf5e08c5441bcce26c780ec625534468,/tfyb/535/5e08c5441bcce26c780ec625
536,4288ytf5e08c5441bcce26c780ec626535467,/tfyb/536/5e08c5441bcce26c780ec626
537,4296ytf5e08c5441bcce26c780ec627536466,/tfyb/537/5e08c5441bcce26c780ec627
538,4304ytf5e08c5441bcce26c780ec628537465,/tfyb/538/5e08c5441bcce26c780ec628
539,4312ytf5e08c5441bcce26c780ec629538464,/tfyb/539/5e08c5441bcce26c780ec629
540,4320ytf5e08c5441bcce26c780ec630539463,/tfyb/540/5e08c5441bcce26c780ec630
541,4328ytf5e08c5441bcce26c780ec631540462,/tfyb/541/5e08c5441bcce26c780ec631
542,4336ytf5e08c5441bcce26c780ec632541461,/tfyb/542/5e08c5441bcce26c780ec632
543,4344ytf5e08c5441bcce26c780ec633542460,/tfyb/543/5e08c5441bcce26c780ec633
544,4352ytf5e08c5441bcce26c780ec634543459,/tfyb/544/5e08c5441bcce26c780ec634
545,4360ytf5e08c5441bcce26c780ec635544458,/tfyb/545/5e08c5441bcce26c780ec635
546,4368ytf5e08c5441bcce26c780ec636545457,/tfyb/546/5e08c5441bcce26c780ec636
547,4376ytf5e08c5441bcce26c780ec637546456,/tfyb/547/5e08c5441bcce26c780ec637
548,4384ytf5e08c5441bcce26c780ec638547455,/tfyb/548/5e08c5441bcce26c780ec638
549,4392ytf5e08c5441bcce26c780ec639548454,/tfyb/549/5e08c5441bcce26c780ec639
550,4400ytf5e08c5441bcce26c780ec640549453,/tfyb/550/5e08c5441bcce26c780ec640
551,4408ytf5e08c5441bcce26c780ec641550452,/tfyb/551/5e08c5441bcce26c780ec641
552,4416ytf5e08c5441bcce26c780ec642551451,/tfyb/552/5e08c5441bcce26c780ec642
553,4424ytf5e08c5441bcce26c780ec643552450,/tfyb/553/5e08c5441bcce26c780ec643
554,4432ytf5e08c5441bcce26c780ec644553449,/tfyb/554/5e08c5441bcce26c780ec644
555,4440ytf5e08c5441bcce26c780ec645554448,/tfyb/555/5e08c5441bcce26c780ec645
556,4448ytf5e08c5441bcce26c780ec646555447,/tfyb/556/5e08c5441bcce26c780ec646
557,4456ytf5e08c5441bcce26c780ec647556446,/tfyb/557/5e08c5441bcce26c780ec647
558,4464ytf5e08c5441bcce26c780ec648557445,/tfyb/558/5e08c5441bcce26c780ec648
559,4472ytf5e08c5441bcce26c780ec649558444,/tfyb/559/5e08c5441bcce26c780ec649
560,4480ytf5e08c5441bcce26c780ec650559443,/tfyb/560/5e08c5441bcce26c780ec650
561,4488ytf5e08c5441bcce26c780ec651560442,/tfyb/561/5e08c5441bcce26c780ec651
562,4496ytf5e08c5441bcce26c780ec652561441,/tfyb/562/5e08c5441bcce26c780ec652
563,4504ytf5e08c5441bcce26c780ec653562440,/tfyb/563/5e08c5441bcce26c780ec653
564,4512ytf5e08c5441bcce26c780ec654563439,/tfyb/564/5e08c5441bcce26c780ec654
565,4520ytf5e08c5441bcce26c780ec655564438,/tfyb/565/5e08c5441bcce26c780ec655
566,4528ytf5e08c5441bcce26c780ec656565437,/tfyb/566/5e08c5441bcce26c780ec656
567,4536ytf5e08c5441bcce26c780ec657566436,/tfyb/567/5e08c5441bcce26c780ec657
568,4544ytf5e08c5441bcce26c780ec658567435,/tfyb/568/5e08c5441bcce26c780ec658
569,4552ytf5e08c5441bcce26c780ec659568434,/tfyb/569/5e08c5441bcce26c780ec659
570,4560ytf5e08c5441bcce26c780ec660569433,/tfyb/570/5e08c5441bcce26c780ec660
571,4568ytf5e08c5441bcce26c780ec661570432,/tfyb/571/5e08c5441bcce26c780ec661
572,4576ytf5e08c5441bcce26c780ec662571431,/tfyb/572/5e08c5441bcce26c780ec662
573,4584ytf5e08c5441bcce26c780ec663572430,/tfyb/573/5e08c5441bcce26c780ec663
574,4592ytf5e08c5441bcce26c780ec664573429,/tfyb/574/5e08c5441bcce26c780ec664
575,4600ytf5e08c5441bcce26c780ec665574428,/tfyb/575/5e08c5441bcce26c780ec665
576,4608ytf5e08c5441bcce26c780ec666575427,/tfyb/576/5e08c5441bcce26c780ec666
577,4616ytf5e08c5441bcce26c780ec667576426,/tfyb/577/5e08c5441bcce26c780ec667
578,4624ytf5e08c5441bcce26c780ec668577425,/tfyb/578/5e08c5441bcce26c780ec668
579,4632ytf5e08c5441bcce26c780ec669578424,/tfyb/579/5e08c5441bcce26c780ec669
580,4640ytf5e08c5441bcce26c780ec670579423,/tfyb/580/5e08c5441bcce26c780ec670
581,4648ytf5e08c5441bcce26c780ec671580422,/tfyb/581/5e08c5441bcce26c780ec671
582,4656ytf5e08c5441bcce26c780ec672581421,/tfyb/582/5e08c5441bcce26c780ec672
583,4664ytf5e08c5441bcce26c780ec673582420,/tfyb/583/5e08c5441bcce26c780ec673
584,4672ytf5e08c5441bcce26c780ec674583419,/tfyb/584/5e08c5441bcce26c780ec674
585,4680ytf5e08c5441bcce26c780ec675584418,/tfyb/585/5e08c5441bcce26c780ec675
586,4688ytf5e08c5441bcce26c780ec676585417,/tfyb/586/5e08c5441bcce26c780ec676
587,4696ytf5e08c5441bcce26c780ec677586416,/tfyb/587/5e08c5441bcce26c780ec677
588,4704ytf5e08c5441bcce26c780ec678587415,/tfyb/588/5e08c5441bcce26c780ec678
589,4712ytf5e08c5441bcce26c780ec679588414,/tfyb/589/5e08c5441bcce26c780ec679
590,4720ytf5e08c5441bcce26c780ec680589413,/tfyb/590/5e08c5441bcce26c780ec680
591,4728ytf5e08c5441bcce26c780ec681590412,/tfyb/591/5e08c5441bcce26c780ec681
592,4736ytf5e08c5441bcce26c780ec682591411,/tfyb/592/5e08c5441bcce26c780ec682
593,4744ytf5e08c5441bcce26c780ec683592410,/tfyb/593/5e08c5441bcce26c780ec683
594,4752ytf5e08c5441bcce26c780ec684593409,/tfyb/594/5e08c5441bcce26c780ec684
595,4760ytf5e08c5441bcce26c780ec685594408,/tfyb/595/5e08c5441bcce26c780ec685
596,4768ytf5e08c5441bcce26c780ec686595407,/tfyb/596/5e08c5441bcce26c780ec686
597,4776ytf5e08c5441bcce26c780ec687596406,/tfyb/597/5e08c5441bcce26c780ec687
598,4784ytf5e08c5441bcce26c780ec688597405,/tfyb/598/5e08c5441bcce26c780ec688
599,4792ytf5e08c5441bcce26c780ec689598404,/tfyb/599/5e08c5441bcce26c780ec689
600,4800ytf5e08c5441bcce26c780ec690599403,/tfyb/600/5e08c5441bcce26c780ec690
601,4808ytf5e08c5441bcce26c780ec691600402,/tfyb/601/5e08c5441bcce26c780ec691
602,4816ytf5e08c5441bcce26c780ec692601401,/tfyb/602/5e08c5441bcce26c780ec692
603,4824ytf5e08c5441bcce26c780ec693602400,/tfyb/603/5e08c5441bcce26c780ec693
604,4832ytf5e08c5441bcce26c780ec694603399,/tfyb/604/5e08c5441bcce26c780ec694
605,4840ytf5e08c5441bcce26c780ec695604398,/tfyb/605/5e08c5441bcce26c780ec695
606,4848ytf5e08c5441bcce26c780ec696605397,/tfyb/606/5e08c5441bcce26c780ec696
607,4856ytf5e08c5441bcce26c780ec697606396,/tfyb/607/5e08c5441bcce26c780ec697
608,4864ytf5e08c5441bcce26c780ec698607395,/tfyb/608/5e08c5441bcce26c780ec698
609,4872ytf5e08c5441bcce26c780ec699608394,/tfyb/609/5e08c5441bcce26c780ec699